Airport,Type,Area,Year,Month,City,Arrive | From,Departure | To,Transit
BKK,Passenger,International,2012,January,-,1669678,1659490,128927
BKK,Passenger,International,2012,Febuary,-,1597636,1647357,109180
BKK,Passenger,International,2012,March,-,1708266,1806442,120321
BKK,Passenger,International,2012,April,-,1674283,1717023,103141
BKK,Passenger,International,2012,May,-,1497178,1544977,109083
BKK,Passenger,International,2012,June,-,1536342,1468194,113733
BKK,Passenger,International,2012,July,-,1674991,1636752,123967
BKK,Passenger,International,2012,August,-,1678314,1726363,111478
BKK,Passenger,International,2012,September,-,1519247,1535169,118374
BKK,Passenger,International,2012,October,-,1567482,1500434,115524
BKK,Passenger,International,2012,November,-,1746827,1635309,96261
BKK,Passenger,International,2012,December,-,1881218,1729367,99721
BKK,Passenger,Domestic,2012,January,-,800250,736097,652
BKK,Passenger,Domestic,2012,Febuary,-,727415,697623,677
BKK,Passenger,Domestic,2012,March,-,623667,584914,733
BKK,Passenger,Domestic,2012,April,-,574265,555753,755
BKK,Passenger,Domestic,2012,May,-,505263,479722,296
BKK,Passenger,Domestic,2012,June,-,453957,460679,791
BKK,Passenger,Domestic,2012,July,-,484994,496243,1246
BKK,Passenger,Domestic,2012,August,-,562623,528456,2887
BKK,Passenger,Domestic,2012,September,-,437149,435133,403
BKK,Passenger,Domestic,2012,October,-,335232,333958,284
BKK,Passenger,Domestic,2012,November,-,350494,353699,372
BKK,Passenger,Domestic,2012,December,-,363671,402992,934
BKK,Flight,International,2012,January,-,10059,10087,
BKK,Flight,International,2012,Febuary,-,9426,9416,
BKK,Flight,International,2012,March,-,9995,10039,
BKK,Flight,International,2012,April,-,9626,9610,
BKK,Flight,International,2012,May,-,9470,9470,
BKK,Flight,International,2012,June,-,9031,9040,
BKK,Flight,International,2012,July,-,9566,9566,
BKK,Flight,International,2012,August,-,9750,9742,
BKK,Flight,International,2012,September,-,9488,9464,
BKK,Flight,International,2012,October,-,8845,8846,
BKK,Flight,International,2012,November,-,9055,9111,
BKK,Flight,International,2012,December,-,9533,9573,
BKK,Flight,Domestic,2012,January,-,5454,5437,
BKK,Flight,Domestic,2012,Febuary,-,4981,4975,
BKK,Flight,Domestic,2012,March,-,4205,4193,
BKK,Flight,Domestic,2012,April,-,4030,4037,
BKK,Flight,Domestic,2012,May,-,3732,3735,
BKK,Flight,Domestic,2012,June,-,3360,3370,
BKK,Flight,Domestic,2012,July,-,3432,3430,
BKK,Flight,Domestic,2012,August,-,3589,3588,
BKK,Flight,Domestic,2012,September,-,3255,3288,
BKK,Flight,Domestic,2012,October,-,2307,2312,
BKK,Flight,Domestic,2012,November,-,2335,2276,
BKK,Flight,Domestic,2012,December,-,2562,2508,
BKK,Freight,International,2012,January,-,46353,58541,2476
BKK,Freight,International,2012,Febuary,-,49891,59682,3001
BKK,Freight,International,2012,March,-,55127,67495,3050
BKK,Freight,International,2012,April,-,49580,60367,2861
BKK,Freight,International,2012,May,-,49473,64437,2721
BKK,Freight,International,2012,June,-,47868,60597,3013
BKK,Freight,International,2012,July,-,48778,57829,2870
BKK,Freight,International,2012,August,-,46382,54409,2876
BKK,Freight,International,2012,September,-,49020,56724,2746
BKK,Freight,International,2012,October,-,48040,55733,2641
BKK,Freight,International,2012,November,-,46263,56064,2702
BKK,Freight,International,2012,December,-,45328,55778,3285
BKK,Freight,Domestic,2012,January,-,1871,3645,0
BKK,Freight,Domestic,2012,Febuary,-,1763,3582,0
BKK,Freight,Domestic,2012,March,-,1676,3393,0
BKK,Freight,Domestic,2012,April,-,1288,2762,0
BKK,Freight,Domestic,2012,May,-,1342,2962,0
BKK,Freight,Domestic,2012,June,-,1120,2821,1
BKK,Freight,Domestic,2012,July,-,1327,2760,6
BKK,Freight,Domestic,2012,August,-,1240,2701,3
BKK,Freight,Domestic,2012,September,-,1352,2748,0
BKK,Freight,Domestic,2012,October,-,1452,2950,0
BKK,Freight,Domestic,2012,November,-,1578,3000,0
BKK,Freight,Domestic,2012,December,-,1680,2908,0
BKK,City,International,2012,-,Singapore,1643353,1764001,
BKK,City,International,2012,-,Hong Kong,1676347,1590848,
BKK,City,International,2012,-,Seoul/Incheon,1046412,1048733,
BKK,City,International,2012,-,Tokyo/Narita,782520,792782,
BKK,City,International,2012,-,Kuala Lumpur,730488,723193,
BKK,City,International,2012,-,Taipei,567373,567484,
BKK,City,International,2012,-,Dubai,529568,536823,
BKK,City,International,2012,-,Ho Chi Minh City,481846,459219,
BKK,City,International,2012,-,Guangzhou,474129,450328,
BKK,City,International,2012,-,Shanghai/Pudong,463519,449658,
BKK,City,International,2012,-,Others,11355907,11223808,
BKK,City,Domestic,2012,-,Phuket,1688507,1612223,
BKK,City,Domestic,2012,-,Chiang Mai,1265265,1287068,
BKK,City,Domestic,2012,-,Samui,746966,679281,
BKK,City,Domestic,2012,-,Hat Yai,529135,518715,
BKK,City,Domestic,2012,-,Krabi,369222,355634,
BKK,City,Domestic,2012,-,Chiang Rai,327980,337283,
BKK,City,Domestic,2012,-,Udon Thani,279185,284761,
BKK,City,Domestic,2012,-,Khon Kean,254935,258677,
BKK,City,Domestic,2012,-,Surat Thani,193306,189854,
BKK,City,Domestic,2012,-,Ubon Ratchathani,167139,163695,
BKK,City,Domestic,2012,-,Others,397340,378078,
BKK,Passenger,International,2013,January,-,1801152,1810252,95921
BKK,Passenger,International,2013,Febuary,-,1705106,1746888,87189
BKK,Passenger,International,2013,March,-,1852253,1944358,97583
BKK,Passenger,International,2013,April,-,1712427,1776439,94446
BKK,Passenger,International,2013,May,-,1554373,1612199,98419
BKK,Passenger,International,2013,June,-,1618316,1554053,109303
BKK,Passenger,International,2013,July,-,1715405,1648695,114456
BKK,Passenger,International,2013,August,-,1751349,1830121,106821
BKK,Passenger,International,2013,September,-,1577492,1599488,108665
BKK,Passenger,International,2013,October,-,1704479,1630514,101636
BKK,Passenger,International,2013,November,-,1816759,1726568,84983
BKK,Passenger,International,2013,December,-,1893862,1720304,81609
BKK,Passenger,Domestic,2013,January,-,417017,382301,748
BKK,Passenger,Domestic,2013,Febuary,-,396398,377202,1622
BKK,Passenger,Domestic,2013,March,-,417360,391086,945
BKK,Passenger,Domestic,2013,April,-,373807,348408,642
BKK,Passenger,Domestic,2013,May,-,358910,328751,580
BKK,Passenger,Domestic,2013,June,-,303814,312284,1073
BKK,Passenger,Domestic,2013,July,-,355320,363772,1352
BKK,Passenger,Domestic,2013,August,-,419383,380985,2322
BKK,Passenger,Domestic,2013,September,-,365406,361226,1035
BKK,Passenger,Domestic,2013,October,-,357147,359530,578
BKK,Passenger,Domestic,2013,November,-,355892,360671,2082
BKK,Passenger,Domestic,2013,December,-,355708,423042,1169
BKK,Flight,International,2013,January,-,9630,9588,
BKK,Flight,International,2013,Febuary,-,9053,9005,
BKK,Flight,International,2013,March,-,9747,9678,
BKK,Flight,International,2013,April,-,9692,9630,
BKK,Flight,International,2013,May,-,9704,9628,
BKK,Flight,International,2013,June,-,9389,9336,
BKK,Flight,International,2013,July,-,9984,9919,
BKK,Flight,International,2013,August,-,10200,10140,
BKK,Flight,International,2013,September,-,9625,9557,
BKK,Flight,International,2013,October,-,10268,10201,
BKK,Flight,International,2013,November,-,10476,10440,
BKK,Flight,International,2013,December,-,10909,10852,
BKK,Flight,Domestic,2013,January,-,2610,2657,
BKK,Flight,Domestic,2013,Febuary,-,2483,2532,
BKK,Flight,Domestic,2013,March,-,2617,2681,
BKK,Flight,Domestic,2013,April,-,2460,2529,
BKK,Flight,Domestic,2013,May,-,2455,2530,
BKK,Flight,Domestic,2013,June,-,2342,2402,
BKK,Flight,Domestic,2013,July,-,2434,2499,
BKK,Flight,Domestic,2013,August,-,2603,2658,
BKK,Flight,Domestic,2013,September,-,2338,2406,
BKK,Flight,Domestic,2013,October,-,2425,2476,
BKK,Flight,Domestic,2013,November,-,2468,2507,
BKK,Flight,Domestic,2013,December,-,2906,2947,
BKK,Freight,International,2013,January,-,42948,50081,2933
BKK,Freight,International,2013,Febuary,-,40349,49750,2324
BKK,Freight,International,2013,March,-,51045,59361,3365
BKK,Freight,International,2013,April,-,44082,50875,3048
BKK,Freight,International,2013,May,-,43513,54817,2874
BKK,Freight,International,2013,June,-,44145,53287,3335
BKK,Freight,International,2013,July,-,43841,51724,4029
BKK,Freight,International,2013,August,-,43263,51656,4055
BKK,Freight,International,2013,September,-,46070,54932,4187
BKK,Freight,International,2013,October,-,47880,57332,4370
BKK,Freight,International,2013,November,-,48580,59275,4468
BKK,Freight,International,2013,December,-,44799,55757,4359
BKK,Freight,Domestic,2013,January,-,1640,2904,0
BKK,Freight,Domestic,2013,Febuary,-,1691,2415,3
BKK,Freight,Domestic,2013,March,-,1549,2746,2
BKK,Freight,Domestic,2013,April,-,1349,2299,0
BKK,Freight,Domestic,2013,May,-,1366,2133,0
BKK,Freight,Domestic,2013,June,-,1398,2004,14
BKK,Freight,Domestic,2013,July,-,1316,2204,1
BKK,Freight,Domestic,2013,August,-,1394,2150,14
BKK,Freight,Domestic,2013,September,-,1519,1938,1
BKK,Freight,Domestic,2013,October,-,1725,2152,0
BKK,Freight,Domestic,2013,November,-,1852,2118,14
BKK,Freight,Domestic,2013,December,-,1653,1976,0
BKK,City,International,2013,-,Hong Kong,1809410,1757540,
BKK,City,International,2013,-,Singapore,1627026,1717474,
BKK,City,International,2013,-,Seoul/Incheon,1053420,1068010,
BKK,City,International,2013,-,Tokyo/Narita,890905,896500,
BKK,City,International,2013,-,Taipei,662944,665176,
BKK,City,International,2013,-,Shanghai/Pudong,640909,638627,
BKK,City,International,2013,-,Dubai,608539,588256,
BKK,City,International,2013,-,Kuala Lumpur,517936,511121,
BKK,City,International,2013,-,Guangzhou,452721,441366,
BKK,City,International,2013,-,New Delhi,438825,426770,
BKK,City,International,2013,-,Others,12257262,12048051,
BKK,City,Domestic,2013,-,Phuket,1230561,1238665,
BKK,City,Domestic,2013,-,Chiang Mai,943879,1004418,
BKK,City,Domestic,2013,-,Samui,632144,566290,
BKK,City,Domestic,2013,-,Krabi,299208,302095,
BKK,City,Domestic,2013,-,Khon Kean,275918,279679,
BKK,City,Domestic,2013,-,Hat Yai,219310,213215,
BKK,City,Domestic,2013,-,Chiang Rai,194731,201341,
BKK,City,Domestic,2013,-,Udon Thani,151303,160823,
BKK,City,Domestic,2013,-,Surat Thani,84113,79486,
BKK,City,Domestic,2013,-,Ubon Ratchathani,76584,77877,
BKK,City,Domestic,2013,-,Others,111487,106357,
BKK,Passenger,International,2014,January,-,1723193,1739809,82886
BKK,Passenger,International,2014,Febuary,-,1454104,1558859,75554
BKK,Passenger,International,2014,March,-,1518974,1686766,83728
BKK,Passenger,International,2014,April,-,1550542,1564770,68310
BKK,Passenger,International,2014,May,-,1306053,1398465,78070
BKK,Passenger,International,2014,June,-,1168536,1149695,88756
BKK,Passenger,International,2014,July,-,1443740,1328898,92376
BKK,Passenger,International,2014,August,-,1539300,1636079,89672
BKK,Passenger,International,2014,September,-,1371242,1385058,86965
BKK,Passenger,International,2014,October,-,1658012,1572733,77091
BKK,Passenger,International,2014,November,-,1795750,1731003,66347
BKK,Passenger,International,2014,December,-,2042478,1859040,70708
BKK,Passenger,Domestic,2014,January,-,441262,403490,1760
BKK,Passenger,Domestic,2014,Febuary,-,413738,374174,1948
BKK,Passenger,Domestic,2014,March,-,404011,351847,1960
BKK,Passenger,Domestic,2014,April,-,377450,366497,1845
BKK,Passenger,Domestic,2014,May,-,319405,286594,618
BKK,Passenger,Domestic,2014,June,-,267119,266493,527
BKK,Passenger,Domestic,2014,July,-,332971,344768,1230
BKK,Passenger,Domestic,2014,August,-,393118,351642,1123
BKK,Passenger,Domestic,2014,September,-,271380,272296,1058
BKK,Passenger,Domestic,2014,October,-,327562,330242,682
BKK,Passenger,Domestic,2014,November,-,307453,317541,1055
BKK,Passenger,Domestic,2014,December,-,332705,411693,533
BKK,Flight,International,2014,January,-,10739,10700,
BKK,Flight,International,2014,Febuary,-,9330,9291,
BKK,Flight,International,2014,March,-,9649,9613,
BKK,Flight,International,2014,April,-,9313,9247,
BKK,Flight,International,2014,May,-,9038,9021,
BKK,Flight,International,2014,June,-,8058,7997,
BKK,Flight,International,2014,July,-,8555,8569,
BKK,Flight,International,2014,August,-,8860,8888,
BKK,Flight,International,2014,September,-,8469,8392,
BKK,Flight,International,2014,October,-,9407,9452,
BKK,Flight,International,2014,November,-,9779,9781,
BKK,Flight,International,2014,December,-,10442,10429,
BKK,Flight,Domestic,2014,January,-,2953,3001,
BKK,Flight,Domestic,2014,Febuary,-,2631,2672,
BKK,Flight,Domestic,2014,March,-,2895,2940,
BKK,Flight,Domestic,2014,April,-,2978,3037,
BKK,Flight,Domestic,2014,May,-,2798,2823,
BKK,Flight,Domestic,2014,June,-,2593,2648,
BKK,Flight,Domestic,2014,July,-,2750,2739,
BKK,Flight,Domestic,2014,August,-,2820,2792,
BKK,Flight,Domestic,2014,September,-,2596,2662,
BKK,Flight,Domestic,2014,October,-,2715,2677,
BKK,Flight,Domestic,2014,November,-,2546,2540,
BKK,Flight,Domestic,2014,December,-,2872,2871,
BKK,Freight,International,2014,January,-,43149,52955,3712
BKK,Freight,International,2014,Febuary,-,37111,49257,3478
BKK,Freight,International,2014,March,-,48714,60613,4610
BKK,Freight,International,2014,April,-,43173,53596,4003
BKK,Freight,International,2014,May,-,42746,58927,3952
BKK,Freight,International,2014,June,-,43864,54751,3662
BKK,Freight,International,2014,July,-,44947,54450,3965
BKK,Freight,International,2014,August,-,40881,52067,4130
BKK,Freight,International,2014,September,-,37778,57565,3813
BKK,Freight,International,2014,October,-,42651,60218,4377
BKK,Freight,International,2014,November,-,47111,63515,4323
BKK,Freight,International,2014,December,-,41669,61592,4115
BKK,Freight,Domestic,2014,January,-,1693,1906,3
BKK,Freight,Domestic,2014,Febuary,-,1735,1706,2
BKK,Freight,Domestic,2014,March,-,2112,1795,10
BKK,Freight,Domestic,2014,April,-,1298,1614,1
BKK,Freight,Domestic,2014,May,-,1459,1561,0
BKK,Freight,Domestic,2014,June,-,1501,1472,0
BKK,Freight,Domestic,2014,July,-,1473,1561,1
BKK,Freight,Domestic,2014,August,-,1303,997,0
BKK,Freight,Domestic,2014,September,-,1454,1614,0
BKK,Freight,Domestic,2014,October,-,1990,1789,0
BKK,Freight,Domestic,2014,November,-,2029,1659,2
BKK,Freight,Domestic,2014,December,-,2212,1908,0
BKK,City,International,2014,-,Hong Kong,1526657,1494085,
BKK,City,International,2014,-,Singapore,1291069,1321044,
BKK,City,International,2014,-,Seoul/Incheon,928642,978781,
BKK,City,International,2014,-,Dubai,699731,688755,
BKK,City,International,2014,-,Tokyo/Narita,641154,647950,
BKK,City,International,2014,-,Taipei,556551,556867,
BKK,City,International,2014,-,Shanghai/Pudong,480258,481919,
BKK,City,International,2014,-,Kuala Lumpur,415693,453194,
BKK,City,International,2014,-,Tokyo/Haneda,419871,397097,
BKK,City,International,2014,-,Guangzhou,379324,373021,
BKK,City,International,2014,-,Others,11232974,11218462,
BKK,City,Domestic,2014,-,Phuket,1205453,1154422,
BKK,City,Domestic,2014,-,Chiang Mai,821922,826286,
BKK,City,Domestic,2014,-,Samui,755418,697508,
BKK,City,Domestic,2014,-,Krabi,308424,300004,
BKK,City,Domestic,2014,-,Udon Thani,207437,213537,
BKK,City,Domestic,2014,-,Khon Kean ,208784,207922,
BKK,City,Domestic,2014,-,Hat Yai,207568,201544,
BKK,City,Domestic,2014,-,Chiang Rai,197317,209312,
BKK,City,Domestic,2014,-,Ubon Ratchathani,81443,81832,
BKK,City,Domestic,2014,-,Surat Thani,75689,72739,
BKK,City,Domestic,2014,-,Others,118719,112171,
DMK,Passenger,International,2012,January,-,30,24,0
DMK,Passenger,International,2012,Febuary,-,43,44,0
DMK,Passenger,International,2012,March,-,733,1364,11
DMK,Passenger,International,2012,April,-,2101,1964,26
DMK,Passenger,International,2012,May,-,2850,2014,8
DMK,Passenger,International,2012,June,-,5039,4739,243
DMK,Passenger,International,2012,July,-,16075,15238,1073
DMK,Passenger,International,2012,August,-,13985,13658,42
DMK,Passenger,International,2012,September,-,8042,8101,15
DMK,Passenger,International,2012,October,-,161981,168536,15
DMK,Passenger,International,2012,November,-,180391,174748,210
DMK,Passenger,International,2012,December,-,197258,192649,1957
DMK,Passenger,Domestic,2012,January,-,28,12,1
DMK,Passenger,Domestic,2012,Febuary,-,121,101,2
DMK,Passenger,Domestic,2012,March,-,136736,132991,0
DMK,Passenger,Domestic,2012,April,-,158804,160491,0
DMK,Passenger,Domestic,2012,May,-,142641,141524,0
DMK,Passenger,Domestic,2012,June,-,145167,142735,96
DMK,Passenger,Domestic,2012,July,-,190178,191268,263
DMK,Passenger,Domestic,2012,August,-,204034,200496,0
DMK,Passenger,Domestic,2012,September,-,192687,191186,14
DMK,Passenger,Domestic,2012,October,-,399523,404101,0
DMK,Passenger,Domestic,2012,November,-,396078,395648,0
DMK,Passenger,Domestic,2012,December,-,417992,463016,0
DMK,Flight,International,2012,January,-,6,6,
DMK,Flight,International,2012,Febuary,-,14,17,
DMK,Flight,International,2012,March,-,124,120,
DMK,Flight,International,2012,April,-,118,124,
DMK,Flight,International,2012,May,-,135,125,
DMK,Flight,International,2012,June,-,160,159,
DMK,Flight,International,2012,July,-,125,222,
DMK,Flight,International,2012,August,-,107,206,
DMK,Flight,International,2012,September,-,176,171,
DMK,Flight,International,2012,October,-,1408,1412,
DMK,Flight,International,2012,November,-,1430,1421,
DMK,Flight,International,2012,December,-,1541,1544,
DMK,Flight,Domestic,2012,January,-,116,95,
DMK,Flight,Domestic,2012,Febuary,-,256,247,
DMK,Flight,Domestic,2012,March,-,1771,1737,
DMK,Flight,Domestic,2012,April,-,1901,1901,
DMK,Flight,Domestic,2012,May,-,1970,1969,
DMK,Flight,Domestic,2012,June,-,2131,2120,
DMK,Flight,Domestic,2012,July,-,2549,2547,
DMK,Flight,Domestic,2012,August,-,2480,2478,
DMK,Flight,Domestic,2012,September,-,2391,2384,
DMK,Flight,Domestic,2012,October,-,3679,3659,
DMK,Flight,Domestic,2012,November,-,3681,3678,
DMK,Flight,Domestic,2012,December,-,4163,4156,
DMK,Freight,International,2012,January,-,0,0,0
DMK,Freight,International,2012,Febuary,-,0,0,0
DMK,Freight,International,2012,March,-,0,0,0
DMK,Freight,International,2012,April,-,0,0,0
DMK,Freight,International,2012,May,-,0,0,0
DMK,Freight,International,2012,June,-,0,0,0
DMK,Freight,International,2012,July,-,0,0,0
DMK,Freight,International,2012,August,-,0,0,0
DMK,Freight,International,2012,September,-,0,0,0
DMK,Freight,International,2012,October,-,269,383,69
DMK,Freight,International,2012,November,-,260,427,0
DMK,Freight,International,2012,December,-,300,436,0
DMK,Freight,Domestic,2012,January,-,0,0,0
DMK,Freight,Domestic,2012,Febuary,-,0,0,0
DMK,Freight,Domestic,2012,March,-,120,237,0
DMK,Freight,Domestic,2012,April,-,131,263,0
DMK,Freight,Domestic,2012,May,-,125,330,0
DMK,Freight,Domestic,2012,June,-,130,328,0
DMK,Freight,Domestic,2012,July,-,128,349,0
DMK,Freight,Domestic,2012,August,-,162,406,0
DMK,Freight,Domestic,2012,September,-,149,404,0
DMK,Freight,Domestic,2012,October,-,145,404,0
DMK,Freight,Domestic,2012,November,-,188,470,0
DMK,Freight,Domestic,2012,December,-,219,482,0
DMK,City,International,2012,-,Kuala Lumpur,102597,96446,
DMK,City,International,2012,-,Singapore,68867,73261,
DMK,City,International,2012,-,Macau,43374,46019,
DMK,City,International,2012,-,Yangon (Rangoon),31526,33713,
DMK,City,International,2012,-,Hong Kong,28531,28599,
DMK,City,International,2012,-,Ho Chi Minh City,25441,24476,
DMK,City,International,2012,-,Jakarta,15307,15369,
DMK,City,International,2012,-,Nanjing,20839,20218,
DMK,City,International,2012,-,Chunking,15307,15369,
DMK,City,International,2012,-,Penang,13977,14562,
DMK,City,International,2012,-,Others,222762,215044,
DMK,City,Domestic,2012,-,Chiang Mai,401942,408012,
DMK,City,Domestic,2012,-,Hat Yai,377519,380303,
DMK,City,Domestic,2012,-,Phuket,273168,280835,
DMK,City,Domestic,2012,-,Udon Thani,230031,233916,
DMK,City,Domestic,2012,-,Nakhon Si Thammarat,193957,193904,
DMK,City,Domestic,2012,-,Ubon Ratchathani,170477,170603,
DMK,City,Domestic,2012,-,Surat Thani,160561,164875,
DMK,City,Domestic,2012,-,Chiang Rai,152852,159337,
DMK,City,Domestic,2012,-,Trang,108305,109147,
DMK,City,Domestic,2012,-,Phisanulok,84518,86475,
DMK,City,Domestic,2012,-,Others,230659,236162,
DMK,Passenger,International,2013,January,-,200457,203551,2198
DMK,Passenger,International,2013,Febuary,-,196082,202025,1852
DMK,Passenger,International,2013,March,-,226163,225063,404
DMK,Passenger,International,2013,April,-,225666,223396,342
DMK,Passenger,International,2013,May,-,220394,219934,22
DMK,Passenger,International,2013,June,-,213898,213393,777
DMK,Passenger,International,2013,July,-,235101,232960,527
DMK,Passenger,International,2013,August,-,242284,247985,488
DMK,Passenger,International,2013,September,-,223621,222644,406
DMK,Passenger,International,2013,October,-,212505,223022,399
DMK,Passenger,International,2013,November,-,211700,205220,78
DMK,Passenger,International,2013,December,-,225318,227641,928
DMK,Passenger,Domestic,2013,January,-,473801,437233,0
DMK,Passenger,Domestic,2013,Febuary,-,437491,426441,0
DMK,Passenger,Domestic,2013,March,-,503615,499439,0
DMK,Passenger,Domestic,2013,April,-,469624,468173,194
DMK,Passenger,Domestic,2013,May,-,435097,429768,138
DMK,Passenger,Domestic,2013,June,-,396872,397145,394
DMK,Passenger,Domestic,2013,July,-,439007,441307,108
DMK,Passenger,Domestic,2013,August,-,474910,463605,968
DMK,Passenger,Domestic,2013,September,-,416603,414968,116
DMK,Passenger,Domestic,2013,October,-,507465,511902,2
DMK,Passenger,Domestic,2013,November,-,504010,505741,1
DMK,Passenger,Domestic,2013,December,-,537083,596822,739
DMK,Flight,International,2013,January,-,1659,1662,
DMK,Flight,International,2013,Febuary,-,1607,1599,
DMK,Flight,International,2013,March,-,1722,1722,
DMK,Flight,International,2013,April,-,1694,1689,
DMK,Flight,International,2013,May,-,1715,1726,
DMK,Flight,International,2013,June,-,1666,1670,
DMK,Flight,International,2013,July,-,1768,1768,
DMK,Flight,International,2013,August,-,1890,1885,
DMK,Flight,International,2013,September,-,1771,1776,
DMK,Flight,International,2013,October,-,1810,1805,
DMK,Flight,International,2013,November,-,1750,1739,
DMK,Flight,International,2013,December,-,1918,1911,
DMK,Flight,Domestic,2013,January,-,4216,4219,
DMK,Flight,Domestic,2013,Febuary,-,3977,3981,
DMK,Flight,Domestic,2013,March,-,4393,4380,
DMK,Flight,Domestic,2013,April,-,4013,4017,
DMK,Flight,Domestic,2013,May,-,4025,4027,
DMK,Flight,Domestic,2013,June,-,3892,3888,
DMK,Flight,Domestic,2013,July,-,3988,3985,
DMK,Flight,Domestic,2013,August,-,4090,4088,
DMK,Flight,Domestic,2013,September,-,4024,4024,
DMK,Flight,Domestic,2013,October,-,4670,4675,
DMK,Flight,Domestic,2013,November,-,4671,4668,
DMK,Flight,Domestic,2013,December,-,5139,5136,
DMK,Freight,International,2013,January,-,245,470,0
DMK,Freight,International,2013,Febuary,-,159,271,0
DMK,Freight,International,2013,March,-,270,527,0
DMK,Freight,International,2013,April,-,251,413,0
DMK,Freight,International,2013,May,-,263,526,5
DMK,Freight,International,2013,June,-,250,535,21
DMK,Freight,International,2013,July,-,234,519,1
DMK,Freight,International,2013,August,-,249,389,0
DMK,Freight,International,2013,September,-,330,479,0
DMK,Freight,International,2013,October,-,183,427,0
DMK,Freight,International,2013,November,-,201,492,38
DMK,Freight,International,2013,December,-,141,440,0
DMK,Freight,Domestic,2013,January,-,179,470,0
DMK,Freight,Domestic,2013,Febuary,-,210,442,0
DMK,Freight,Domestic,2013,March,-,175,483,0
DMK,Freight,Domestic,2013,April,-,181,404,0
DMK,Freight,Domestic,2013,May,-,230,500,0
DMK,Freight,Domestic,2013,June,-,237,514,1
DMK,Freight,Domestic,2013,July,-,285,538,0
DMK,Freight,Domestic,2013,August,-,286,639,0
DMK,Freight,Domestic,2013,September,-,297,619,0
DMK,Freight,Domestic,2013,October,-,290,619,0
DMK,Freight,Domestic,2013,November,-,279,596,0
DMK,Freight,Domestic,2013,December,-,297,597,1
DMK,City,International,2013,-,Kuala Lumpur,496094,480465,
DMK,City,International,2013,-,Singapore,261013,291650,
DMK,City,International,2013,-,Macau,210427,215246,
DMK,City,International,2013,-,Hong Kong,144866,145901,
DMK,City,International,2013,-,Ho Chi Minh City,130606,127250,
DMK,City,International,2013,-,Yangon (Rangoon),121259,123824,
DMK,City,International,2013,-,Jakarta,103231,99248,
DMK,City,International,2013,-,Chongqing,102030,102469,
DMK,City,International,2013,-,Guangzhou,87835,89970,
DMK,City,International,2013,-,Wuhan,79188,77665,
DMK,City,International,2013,-,Others,896640,893146,
DMK,City,Domestic,2013,-,Chiang Mai,401944,408016,
DMK,City,Domestic,2013,-,Phuket,273168,280835,
DMK,City,Domestic,2013,-,Hat Yai,377519,380306,
DMK,City,Domestic,2013,-,Udon Thani,230031,233918,
DMK,City,Domestic,2013,-,Nakhon Si Thammarat,193957,193904,
DMK,City,Domestic,2013,-,Surat Thani,160561,164875,
DMK,City,Domestic,2013,-,Ubon Ratchathani,170477,170603,
DMK,City,Domestic,2013,-,Chiang Rai,152855,159337,
DMK,City,Domestic,2013,-,Krabi,55656,59356,
DMK,City,Domestic,2013,-,Trang,108305,109147,
DMK,City,Domestic,2013,-,Others,259516,263272,
DMK,Passenger,International,2014,January,-,216709,207935,1537
DMK,Passenger,International,2014,Febuary,-,186530,196615,555
DMK,Passenger,International,2014,March,-,218554,215396,787
DMK,Passenger,International,2014,April,-,243345,237068,312
DMK,Passenger,International,2014,May,-,225521,226067,379
DMK,Passenger,International,2014,June,-,192376,189298,314
DMK,Passenger,International,2014,July,-,237013,225632,588
DMK,Passenger,International,2014,August,-,250930,252264,526
DMK,Passenger,International,2014,September,-,254518,252248,757
DMK,Passenger,International,2014,October,-,314118,319429,994
DMK,Passenger,International,2014,November,-,323572,314378,2674
DMK,Passenger,International,2014,December,-,338869,338411,3722
DMK,Passenger,Domestic,2014,January,-,596735,563311,702
DMK,Passenger,Domestic,2014,Febuary,-,543084,517071,118
DMK,Passenger,Domestic,2014,March,-,648539,640850,615
DMK,Passenger,Domestic,2014,April,-,642392,646011,257
DMK,Passenger,Domestic,2014,May,-,592070,591637,298
DMK,Passenger,Domestic,2014,June,-,529418,531099,144
DMK,Passenger,Domestic,2014,July,-,609356,619019,129
DMK,Passenger,Domestic,2014,August,-,684478,662428,316
DMK,Passenger,Domestic,2014,September,-,609614,615478,422
DMK,Passenger,Domestic,2014,October,-,783645,789510,144
DMK,Passenger,Domestic,2014,November,-,741868,739906,399
DMK,Passenger,Domestic,2014,December,-,779303,875786,475
DMK,Flight,International,2014,January,-,1953,1961,
DMK,Flight,International,2014,Febuary,-,1731,1722,
DMK,Flight,International,2014,March,-,1804,1803,
DMK,Flight,International,2014,April,-,1939,1944,
DMK,Flight,International,2014,May,-,1919,1917,
DMK,Flight,International,2014,June,-,1641,1653,
DMK,Flight,International,2014,July,-,1784,1779,
DMK,Flight,International,2014,August,-,1852,1854,
DMK,Flight,International,2014,September,-,1874,1874,
DMK,Flight,International,2014,October,-,2253,2255,
DMK,Flight,International,2014,November,-,2281,2271,
DMK,Flight,International,2014,December,-,2400,2382,
DMK,Flight,Domestic,2014,January,-,5428,5432,
DMK,Flight,Domestic,2014,Febuary,-,4836,4837,
DMK,Flight,Domestic,2014,March,-,5509,5504,
DMK,Flight,Domestic,2014,April,-,5047,5057,
DMK,Flight,Domestic,2014,May,-,4910,4900,
DMK,Flight,Domestic,2014,June,-,4369,4370,
DMK,Flight,Domestic,2014,July,-,4616,4610,
DMK,Flight,Domestic,2014,August,-,4973,4975,
DMK,Flight,Domestic,2014,September,-,4782,4780,
DMK,Flight,Domestic,2014,October,-,5887,5887,
DMK,Flight,Domestic,2014,November,-,6026,6028,
DMK,Flight,Domestic,2014,December,-,6534,6538,
DMK,Freight,International,2014,January,-,106,357,0
DMK,Freight,International,2014,Febuary,-,74,328,0
DMK,Freight,International,2014,March,-,116,743,0
DMK,Freight,International,2014,April,-,218,659,0
DMK,Freight,International,2014,May,-,118,699,2
DMK,Freight,International,2014,June,-,94,803,51
DMK,Freight,International,2014,July,-,171,784,0
DMK,Freight,International,2014,August,-,73,851,0
DMK,Freight,International,2014,September,-,111,933,0
DMK,Freight,International,2014,October,-,159,1249,0
DMK,Freight,International,2014,November,-,230,1489,0
DMK,Freight,International,2014,December,-,146,1443,0
DMK,Freight,Domestic,2014,January,-,260,596,2
DMK,Freight,Domestic,2014,Febuary,-,238,575,2
DMK,Freight,Domestic,2014,March,-,218,681,3
DMK,Freight,Domestic,2014,April,-,245,726,0
DMK,Freight,Domestic,2014,May,-,264,712,0
DMK,Freight,Domestic,2014,June,-,237,652,0
DMK,Freight,Domestic,2014,July,-,225,698,0
DMK,Freight,Domestic,2014,August,-,239,738,0
DMK,Freight,Domestic,2014,September,-,221,769,0
DMK,Freight,Domestic,2014,October,-,222,914,0
DMK,Freight,Domestic,2014,November,-,236,888,0
DMK,Freight,Domestic,2014,December,-,260,958,0
DMK,City,International,2014,-,Kuala Lumpur,508123,484588,
DMK,City,International,2014,-,Singapore,323641,327505,
DMK,City,International,2014,-,Yangon (Rangoon),231439,231098,
DMK,City,International,2014,-,Hong Kong,167205,166032,
DMK,City,International,2014,-,Macau,165470,167486,
DMK,City,International,2014,-,Jakarta,127075,125963,
DMK,City,International,2014,-,Chongqing,124580,124107,
DMK,City,International,2014,-,Ho Chi Minh City,116472,118449,
DMK,City,International,2014,-,Wuhan,100155,99268,
DMK,City,International,2014,-,Changsha,89169,90392,
DMK,City,International,2014,-,Others,1048726,1039853,
DMK,City,Domestic,2014,-,Chiang Mai,1419187,1416997,
DMK,City,Domestic,2014,-,Hat Yai,1157011,1151906,
DMK,City,Domestic,2014,-,Phuket,987793,995731,
DMK,City,Domestic,2014,-,Udon Thani,525475,532782,
DMK,City,Domestic,2014,-,Surat Thani,521502,532928,
DMK,City,Domestic,2014,-,Nakhon Si Thammarat,490089,482845,
DMK,City,Domestic,2014,-,Chiang Rai,464477,475091,
DMK,City,Domestic,2014,-,Ubon Ratchathani,458761,460217,
DMK,City,Domestic,2014,-,Krabi,450291,452259,
DMK,City,Domestic,2014,-,Trang,268395,264541,
DMK,City,Domestic,2014,-,Others,1017521,1026809,
CNX,Passenger,International,2012,January,-,26922,26180,0
CNX,Passenger,International,2012,Febuary,-,23572,24201,3
CNX,Passenger,International,2012,March,-,20461,22289,0
CNX,Passenger,International,2012,April,-,18486,17915,45
CNX,Passenger,International,2012,May,-,16650,16257,314
CNX,Passenger,International,2012,June,-,17282,16326,1
CNX,Passenger,International,2012,July,-,21196,20282,241
CNX,Passenger,International,2012,August,-,22611,22662,34
CNX,Passenger,International,2012,September,-,19113,17782,420
CNX,Passenger,International,2012,October,-,22368,21769,477
CNX,Passenger,International,2012,November,-,26272,23851,120
CNX,Passenger,International,2012,December,-,29071,27100,263
CNX,Passenger,Domestic,2012,January,-,194182,212874,0
CNX,Passenger,Domestic,2012,Febuary,-,169943,184260,0
CNX,Passenger,Domestic,2012,March,-,155061,168796,79
CNX,Passenger,Domestic,2012,April,-,153213,155097,0
CNX,Passenger,Domestic,2012,May,-,134367,139161,4
CNX,Passenger,Domestic,2012,June,-,131459,131901,13
CNX,Passenger,Domestic,2012,July,-,149598,156239,69
CNX,Passenger,Domestic,2012,August,-,152299,166821,0
CNX,Passenger,Domestic,2012,September,-,136118,139939,0
CNX,Passenger,Domestic,2012,October,-,163698,167078,32
CNX,Passenger,Domestic,2012,November,-,185126,184064,39
CNX,Passenger,Domestic,2012,December,-,219690,217573,2
CNX,Flight,International,2012,January,-,233,234,
CNX,Flight,International,2012,Febuary,-,209,211,
CNX,Flight,International,2012,March,-,205,201,
CNX,Flight,International,2012,April,-,181,180,
CNX,Flight,International,2012,May,-,186,185,
CNX,Flight,International,2012,June,-,185,183,
CNX,Flight,International,2012,July,-,208,209,
CNX,Flight,International,2012,August,-,213,212,
CNX,Flight,International,2012,September,-,202,201,
CNX,Flight,International,2012,October,-,214,209,
CNX,Flight,International,2012,November,-,257,233,
CNX,Flight,International,2012,December,-,272,269,
CNX,Flight,Domestic,2012,January,-,1475,1476,
CNX,Flight,Domestic,2012,Febuary,-,1321,1319,
CNX,Flight,Domestic,2012,March,-,1381,1378,
CNX,Flight,Domestic,2012,April,-,1363,1365,
CNX,Flight,Domestic,2012,May,-,1237,1236,
CNX,Flight,Domestic,2012,June,-,1171,1172,
CNX,Flight,Domestic,2012,July,-,1242,1239,
CNX,Flight,Domestic,2012,August,-,1167,1165,
CNX,Flight,Domestic,2012,September,-,1198,1201,
CNX,Flight,Domestic,2012,October,-,1369,1372,
CNX,Flight,Domestic,2012,November,-,1386,1407,
CNX,Flight,Domestic,2012,December,-,1624,1622,
CNX,Freight,International,2012,January,-,5,19,0
CNX,Freight,International,2012,Febuary,-,9,25,0
CNX,Freight,International,2012,March,-,11,18,0
CNX,Freight,International,2012,April,-,14,2,0
CNX,Freight,International,2012,May,-,14,4,0
CNX,Freight,International,2012,June,-,9,1,59
CNX,Freight,International,2012,July,-,24,1,0
CNX,Freight,International,2012,August,-,11,3,0
CNX,Freight,International,2012,September,-,7,4,0
CNX,Freight,International,2012,October,-,8,1,0
CNX,Freight,International,2012,November,-,7,2,0
CNX,Freight,International,2012,December,-,3,5,0
CNX,Freight,Domestic,2012,January,-,708,1163,0
CNX,Freight,Domestic,2012,Febuary,-,712,1212,0
CNX,Freight,Domestic,2012,March,-,729,1165,0
CNX,Freight,Domestic,2012,April,-,587,912,0
CNX,Freight,Domestic,2012,May,-,623,901,0
CNX,Freight,Domestic,2012,June,-,632,853,0
CNX,Freight,Domestic,2012,July,-,580,948,0
CNX,Freight,Domestic,2012,August,-,595,998,0
CNX,Freight,Domestic,2012,September,-,514,908,0
CNX,Freight,Domestic,2012,October,-,556,943,0
CNX,Freight,Domestic,2012,November,-,637,996,0
CNX,Freight,Domestic,2012,December,-,586,963,0
CNX,City,International,2012,-,Nyaung-u,72206,71163,
CNX,City,International,2012,-,Shanghai/Pudong,60019,59135,
CNX,City,International,2012,-,Danang,39876,39367,
CNX,City,International,2012,-,Hong Kong,30344,27714,
CNX,City,International,2012,-,Shanghai/Pudong,1488,13595,
CNX,City,International,2012,-,Taipei,13743,13396,
CNX,City,International,2012,-,Singapore,12615,12841,
CNX,City,International,2012,-,Sanya,10031,8417,
CNX,City,International,2012,-,Kunming,2161,2449,
CNX,City,International,2012,-,Manila,0,818,
CNK,City,International,2012,-,Others,7821,7719,
CNX,City,Domestic,2012,-,Suvarnabhumi,1289538,1269578,
CNX,City,Domestic,2012,-,Don Mueang,407915,401850,
CNX,City,Domestic,2012,-,Phuket,103537,173084,
CNX,City,Domestic,2012,-,Hat Yai,52330,52165,
CNX,City,Domestic,2012,-,Udon Thani,31956,31990,
CNX,City,Domestic,2012,-,Mae Hong Son,28979,27293,
CNX,City,Domestic,2012,-,Ubon Ratchathani,20291,19592,
CNX,City,Domestic,2012,-,Samui,11,39024,
CNX,City,Domestic,2012,-,Phisanulok,3159,3027,
CNX,City,Domestic,2012,-,Mae Sot,2411,2198,
CNK,City,Domestic,2012,-,Others,4627,4005,
CNX,Passenger,International,2013,January,-,34162,32115,1
CNX,Passenger,International,2013,Febuary,-,35946,35568,1641
CNX,Passenger,International,2013,March,-,31002,31851,159
CNX,Passenger,International,2013,April,-,28483,26458,0
CNX,Passenger,International,2013,May,-,27996,27146,79
CNX,Passenger,International,2013,June,-,28576,27225,124
CNX,Passenger,International,2013,July,-,33333,29295,4717
CNX,Passenger,International,2013,August,-,35320,35079,6560
CNX,Passenger,International,2013,September,-,30951,27924,3126
CNX,Passenger,International,2013,October,-,34783,33721,3031
CNX,Passenger,International,2013,November,-,45828,40305,159
CNX,Passenger,International,2013,December,-,51863,49079,214
CNX,Passenger,Domestic,2013,January,-,208009,226874,0
CNX,Passenger,Domestic,2013,Febuary,-,193249,208875,22
CNX,Passenger,Domestic,2013,March,-,189838,204923,2
CNX,Passenger,Domestic,2013,April,-,173703,179725,2
CNX,Passenger,Domestic,2013,May,-,166141,170680,172
CNX,Passenger,Domestic,2013,June,-,154114,155477,0
CNX,Passenger,Domestic,2013,July,-,174483,181538,0
CNX,Passenger,Domestic,2013,August,-,178243,196039,1
CNX,Passenger,Domestic,2013,September,-,171106,176056,40
CNX,Passenger,Domestic,2013,October,-,199121,200308,94
CNX,Passenger,Domestic,2013,November,-,214756,217602,0
CNX,Passenger,Domestic,2013,December,-,247996,240912,0
CNX,Flight,International,2013,January,-,276,273,
CNX,Flight,International,2013,Febuary,-,313,314,
CNX,Flight,International,2013,March,-,292,294,
CNX,Flight,International,2013,April,-,281,280,
CNX,Flight,International,2013,May,-,289,291,
CNX,Flight,International,2013,June,-,272,272,
CNX,Flight,International,2013,July,-,334,332,
CNX,Flight,International,2013,August,-,374,375,
CNX,Flight,International,2013,September,-,312,312,
CNX,Flight,International,2013,October,-,267,366,
CNX,Flight,International,2013,November,-,407,406,
CNX,Flight,International,2013,December,-,468,471,
CNX,Flight,Domestic,2013,January,-,1632,1637,
CNX,Flight,Domestic,2013,Febuary,-,1466,1467,
CNX,Flight,Domestic,2013,March,-,1551,1551,
CNX,Flight,Domestic,2013,April,-,1450,1449,
CNX,Flight,Domestic,2013,May,-,1383,1382,
CNX,Flight,Domestic,2013,June,-,1327,1328,
CNX,Flight,Domestic,2013,July,-,1319,1318,
CNX,Flight,Domestic,2013,August,-,1380,1382,
CNX,Flight,Domestic,2013,September,-,1277,1276,
CNX,Flight,Domestic,2013,October,-,1538,1539,
CNX,Flight,Domestic,2013,November,-,1499,1497,
CNX,Flight,Domestic,2013,December,-,1874,1873,
CNX,Freight,International,2013,January,-,11,7,0
CNX,Freight,International,2013,Febuary,-,8,17,0
CNX,Freight,International,2013,March,-,10,32,0
CNX,Freight,International,2013,April,-,4,3,0
CNX,Freight,International,2013,May,-,5,2,0
CNX,Freight,International,2013,June,-,7,4,0
CNX,Freight,International,2013,July,-,11,2,0
CNX,Freight,International,2013,August,-,14,5,0
CNX,Freight,International,2013,September,-,11,6,0
CNX,Freight,International,2013,October,-,11,8,0
CNX,Freight,International,2013,November,-,11,6,0
CNX,Freight,International,2013,December,-,10,13,0
CNX,Freight,Domestic,2013,January,-,515,1032,0
CNX,Freight,Domestic,2013,Febuary,-,470,971,0
CNX,Freight,Domestic,2013,March,-,607,923,0
CNX,Freight,Domestic,2013,April,-,561,947,0
CNX,Freight,Domestic,2013,May,-,601,965,0
CNX,Freight,Domestic,2013,June,-,550,1016,0
CNX,Freight,Domestic,2013,July,-,564,967,0
CNX,Freight,Domestic,2013,August,-,477,1037,0
CNX,Freight,Domestic,2013,September,-,337,1045,0
CNX,Freight,Domestic,2013,October,-,370,1069,0
CNX,Freight,Domestic,2013,November,-,369,1072,0
CNX,Freight,Domestic,2013,December,-,374,1072,0
CNX,City,International,2013,-,Kuala Lumpur,82793,80639,
CNX,City,International,2013,-,Seoul/Incheon,74440,74458,
CNX,City,International,2013,-,Macau,56906,53981,
CNX,City,International,2013,-,Hong Kong,47946,43958,
CNX,City,International,2013,-,Singapore,37016,35401,
CNX,City,International,2013,-,Kunming,38078,30444,
CNX,City,International,2013,-,Shanghai/Pudong,18879,17998,
CNX,City,International,2013,-,Taipei,16931,16924,
CNX,City,International,2013,-,Luang Prabang,13222,13139,
CNX,City,International,2013,-,Chengtu,10822,10622,
CNX,City,International,2013,-,Others,21210,18202,
CNX,City,Domestic,2013,-,Suvarnabhumi,1007621,1000951,
CNX,City,Domestic,2013,-,Don Mueang,927373,945102,
CNX,City,Domestic,2013,-,Phuket,138829,169412,
CNX,City,Domestic,2013,-,Hat Yai,118484,120129,
CNX,City,Domestic,2013,-,Udon Thani,31558,31560,
CNX,City,Domestic,2013,-,Mae Hong Son,28851,26252,
CNX,City,Domestic,2013,-,Samui,1225,49207,
CNX,City,Domestic,2013,-,Mae Sot,5863,5498,
CNX,City,Domestic,2013,-,Ubon Ratchathani,3707,3416,
CNX,City,Domestic,2013,-,Krabi,2588,3448,
CNX,City,Domestic,2013,-,Others,4660,4034,
CNX,Passenger,International,2014,January,-,62753,54677,425
CNX,Passenger,International,2014,Febuary,-,58129,64581,616
CNX,Passenger,International,2014,March,-,52305,55558,302
CNX,Passenger,International,2014,April,-,55056,51348,136
CNX,Passenger,International,2014,May,-,47118,47271,76
CNX,Passenger,International,2014,June,-,42460,42198,151
CNX,Passenger,International,2014,July,-,52929,47006,94
CNX,Passenger,International,2014,August,-,54653,55011,271
CNX,Passenger,International,2014,September,-,48200,45074,49
CNX,Passenger,International,2014,October,-,59166,56602,248
CNX,Passenger,International,2014,November,-,64339,59991,1
CNX,Passenger,International,2014,December,-,74856,69837,5
CNX,Passenger,Domestic,2014,January,-,239263,255158,0
CNX,Passenger,Domestic,2014,Febuary,-,205911,226409,0
CNX,Passenger,Domestic,2014,March,-,200820,218784,0
CNX,Passenger,Domestic,2014,April,-,200731,206001,0
CNX,Passenger,Domestic,2014,May,-,180423,182648,0
CNX,Passenger,Domestic,2014,June,-,171285,173668,0
CNX,Passenger,Domestic,2014,July,-,205064,207702,0
CNX,Passenger,Domestic,2014,August,-,212310,227581,0
CNX,Passenger,Domestic,2014,September,-,188282,193204,0
CNX,Passenger,Domestic,2014,October,-,245515,243213,38
CNX,Passenger,Domestic,2014,November,-,257239,266723,148
CNX,Passenger,Domestic,2014,December,-,305917,293095,0
CNX,Flight,International,2014,January,-,546,544,
CNX,Flight,International,2014,Febuary,-,539,543,
CNX,Flight,International,2014,March,-,528,528,
CNX,Flight,International,2014,April,-,495,495,
CNX,Flight,International,2014,May,-,483,483,
CNX,Flight,International,2014,June,-,456,457,
CNX,Flight,International,2014,July,-,460,461,
CNX,Flight,International,2014,August,-,471,469,
CNX,Flight,International,2014,September,-,444,442,
CNX,Flight,International,2014,October,-,526,534,
CNX,Flight,International,2014,November,-,540,554,
CNX,Flight,International,2014,December,-,603,617,
CNX,Flight,Domestic,2014,January,-,1926,1926,
CNX,Flight,Domestic,2014,Febuary,-,1650,1649,
CNX,Flight,Domestic,2014,March,-,1716,1717,
CNX,Flight,Domestic,2014,April,-,1568,1568,
CNX,Flight,Domestic,2014,May,-,1504,1504,
CNX,Flight,Domestic,2014,June,-,1362,1362,
CNX,Flight,Domestic,2014,July,-,1464,1462,
CNX,Flight,Domestic,2014,August,-,1586,1587,
CNX,Flight,Domestic,2014,September,-,1489,1490,
CNX,Flight,Domestic,2014,October,-,1840,1833,
CNX,Flight,Domestic,2014,November,-,1953,1941,
CNX,Flight,Domestic,2014,December,-,2172,2155,
CNX,Freight,International,2014,January,-,10,17,0
CNX,Freight,International,2014,Febuary,-,9,24,0
CNX,Freight,International,2014,March,-,11,62,0
CNX,Freight,International,2014,April,-,11,29,0
CNX,Freight,International,2014,May,-,10,65,0
CNX,Freight,International,2014,June,-,6,55,0
CNX,Freight,International,2014,July,-,7,53,0
CNX,Freight,International,2014,August,-,13,142,0
CNX,Freight,International,2014,September,-,36,87,0
CNX,Freight,International,2014,October,-,43,87,0
CNX,Freight,International,2014,November,-,46,96,0
CNX,Freight,International,2014,December,-,77,129,0
CNX,Freight,Domestic,2014,January,-,365,1111,0
CNX,Freight,Domestic,2014,Febuary,-,323,1136,0
CNX,Freight,Domestic,2014,March,-,359,1101,0
CNX,Freight,Domestic,2014,April,-,397,925,0
CNX,Freight,Domestic,2014,May,-,353,1086,0
CNX,Freight,Domestic,2014,June,-,406,1010,0
CNX,Freight,Domestic,2014,July,-,380,1093,0
CNX,Freight,Domestic,2014,August,-,183,962,0
CNX,Freight,Domestic,2014,September,-,248,1030,0
CNX,Freight,Domestic,2014,October,-,314,1056,0
CNX,Freight,Domestic,2014,November,-,326,1035,0
CNX,Freight,Domestic,2014,December,-,305,1169,0
CNX,City,International,2014,-,Hong Kong,129477,122559,
CNX,City,International,2014,-,Kuala Lumpur,94038,90756,
CNX,City,International,2014,-,Seoul/Incheon,72914,74457,
CNX,City,International,2014,-,Shanghai/Pudong,57897,55591,
CNX,City,International,2014,-,Singapore,51769,49390,
CNX,City,International,2014,-,Macau,50138,47871,
CNX,City,International,2014,-,Hangzhou,44983,43830,
CNX,City,International,2014,-,Kunming,40659,37792,
CNX,City,International,2014,-,Beijing,20861,18841,
CNX,City,International,2014,-,Chengdu,19859,19595,
CNX,City,International,2014,-,Others,89369,88472,
CNX,City,Domestic,2014,-,Don Mueang,1416088,1419975,
CNX,City,Domestic,2014,-,Suvarnabhumi,826336,821338,
CNX,City,Domestic,2014,-,Phuket,141755,181091,
CNX,City,Domestic,2014,-,Hat Yai,74779,74232,
CNX,City,Domestic,2014,-,Krabi,55111,69797,
CNX,City,Domestic,2014,-,Udon Thani,47378,47089,
CNX,City,Domestic,2014,-,Samui,17761,47675,
CNX,City,Domestic,2014,-,Mae Hong Son,17734,16655,
CNX,City,Domestic,2014,-,Surat Thani,7509,8891,
CNX,City,Domestic,2014,-,Pai,2515,2297,
CNX,City,Domestic,2014,-,Others,5794,5146,
HKT,Passenger,International,2012,January,-,286298,291342,1313
HKT,Passenger,International,2012,Febuary,-,230570,241226,1253
HKT,Passenger,International,2012,March,-,213799,234544,385
HKT,Passenger,International,2012,April,-,184477,201636,916
HKT,Passenger,International,2012,May,-,144278,159626,1114
HKT,Passenger,International,2012,June,-,145267,146416,539
HKT,Passenger,International,2012,July,-,194226,190155,1658
HKT,Passenger,International,2012,August,-,208619,217634,1315
HKT,Passenger,International,2012,September,-,165453,156657,2182
HKT,Passenger,International,2012,October,-,209981,202319,1369
HKT,Passenger,International,2012,November,-,243957,219584,1071
HKT,Passenger,International,2012,December,-,297632,255522,605
HKT,Passenger,Domestic,2012,January,-,205985,216233,190
HKT,Passenger,Domestic,2012,Febuary,-,192781,202044,0
HKT,Passenger,Domestic,2012,March,-,196266,205107,178
HKT,Passenger,Domestic,2012,April,-,189164,194571,142
HKT,Passenger,Domestic,2012,May,-,158224,167103,95
HKT,Passenger,Domestic,2012,June,-,160901,157489,274
HKT,Passenger,Domestic,2012,July,-,185134,181406,0
HKT,Passenger,Domestic,2012,August,-,202620,206288,0
HKT,Passenger,Domestic,2012,September,-,156834,152801,0
HKT,Passenger,Domestic,2012,October,-,191649,185849,197
HKT,Passenger,Domestic,2012,November,-,188706,175016,378
HKT,Passenger,Domestic,2012,December,-,206116,185778,145
HKT,Flight,International,2012,January,-,1729,1690,
HKT,Flight,International,2012,Febuary,-,1343,1305,
HKT,Flight,International,2012,March,-,1376,1340,
HKT,Flight,International,2012,April,-,1289,1257,
HKT,Flight,International,2012,May,-,1188,1157,
HKT,Flight,International,2012,June,-,1072,1044,
HKT,Flight,International,2012,July,-,1277,1239,
HKT,Flight,International,2012,August,-,1359,1327,
HKT,Flight,International,2012,September,-,1199,1172,
HKT,Flight,International,2012,October,-,1345,1345,
HKT,Flight,International,2012,November,-,1501,1481,
HKT,Flight,International,2012,December,-,1708,1685,
HKT,Flight,Domestic,2012,January,-,1228,1270,
HKT,Flight,Domestic,2012,Febuary,-,1119,1154,
HKT,Flight,Domestic,2012,March,-,1172,1213,
HKT,Flight,Domestic,2012,April,-,1183,1211,
HKT,Flight,Domestic,2012,May,-,1194,1226,
HKT,Flight,Domestic,2012,June,-,1103,1133,
HKT,Flight,Domestic,2012,July,-,1185,1223,
HKT,Flight,Domestic,2012,August,-,1190,1218,
HKT,Flight,Domestic,2012,September,-,1079,1109,
HKT,Flight,Domestic,2012,October,-,1213,1213,
HKT,Flight,Domestic,2012,November,-,1193,1210,
HKT,Flight,Domestic,2012,December,-,1260,1279,
HKT,Freight,International,2012,January,-,308,977,23
HKT,Freight,International,2012,Febuary,-,235,676,16
HKT,Freight,International,2012,March,-,435,999,0
HKT,Freight,International,2012,April,-,311,968,0
HKT,Freight,International,2012,May,-,221,979,0
HKT,Freight,International,2012,June,-,197,772,15
HKT,Freight,International,2012,July,-,261,834,23
HKT,Freight,International,2012,August,-,224,611,56
HKT,Freight,International,2012,September,-,252,876,93
HKT,Freight,International,2012,October,-,477,897,55
HKT,Freight,International,2012,November,-,740,1015,0
HKT,Freight,International,2012,December,-,847,1145,0
HKT,Freight,Domestic,2012,January,-,946,893,0
HKT,Freight,Domestic,2012,Febuary,-,984,746,0
HKT,Freight,Domestic,2012,March,-,1118,801,0
HKT,Freight,Domestic,2012,April,-,895,569,0
HKT,Freight,Domestic,2012,May,-,849,487,0
HKT,Freight,Domestic,2012,June,-,726,473,0
HKT,Freight,Domestic,2012,July,-,766,534,0
HKT,Freight,Domestic,2012,August,-,874,455,0
HKT,Freight,Domestic,2012,September,-,850,494,0
HKT,Freight,Domestic,2012,October,-,897,589,0
HKT,Freight,Domestic,2012,November,-,1051,838,0
HKT,Freight,Domestic,2012,December,-,1093,870,0
HKT,City,International,2012,-,Singapore,440266,443838,
HKT,City,International,2012,-,Kuala Lumpur,287759,290565,
HKT,City,International,2012,-,Hong Kong,283516,284018,
HKT,City,International,2012,-,Seoul/Incheon,267348,267977,
HKT,City,International,2012,-,Domodedovo,117640,116010,
HKT,City,International,2012,-,Shanghai/Pudong,87739,88495,
HKT,City,International,2012,-,Chengdu,76528,76375,
HKT,City,International,2012,-,Abu Dhabi,57732,57476,
HKT,City,International,2012,-,Chongqing,58315,56699,
HKT,City,International,2012,-,Aranda,59718,52315,
HKT,City,International,2012,-,Others,798996,782894,
HKT,City,Domestic,2012,-,Suvarnabhumi,1613298,1688898,
HKT,City,Domestic,2012,-,Don Mueang,283617,276270,
HKT,City,Domestic,2012,-,Chiang Mai,172704,103795,
HKT,City,Domestic,2012,-,Samui,75029,83508,
HKT,City,Domestic,2012,-,Udon Thani,45164,44790,
HKT,City,Domestic,2012,-,U-Tapao,16345,15648,
HKT,City,Domestic,2012,-,Surat Thani,13749,13273,
HKT,City,Domestic,2012,-,Ubon Ratchathani,13501,13343,
HKT,City,Domestic,2012,-,Krabi,320,12,
HKT,City,Domestic,2012,-,Hat Yai,174,12,
HKT,City,Domestic,2012,-,Others,479,399,
HKT,Passenger,International,2013,January,-,300535,310225,482
HKT,Passenger,International,2013,Febuary,-,315647,323216,744
HKT,Passenger,International,2013,March,-,284950,303703,717
HKT,Passenger,International,2013,April,-,242354,264323,558
HKT,Passenger,International,2013,May,-,208989,227528,448
HKT,Passenger,International,2013,June,-,224318,215342,813
HKT,Passenger,International,2013,July,-,248143,245563,1738
HKT,Passenger,International,2013,August,-,265525,275078,2432
HKT,Passenger,International,2013,September,-,228256,219027,2218
HKT,Passenger,International,2013,October,-,256598,244688,2286
HKT,Passenger,International,2013,November,-,285885,266494,431
HKT,Passenger,International,2013,December,-,328462,285689,206
HKT,Passenger,Domestic,2013,January,-,211468,224656,191
HKT,Passenger,Domestic,2013,Febuary,-,209514,214150,0
HKT,Passenger,Domestic,2013,March,-,220633,225603,32
HKT,Passenger,Domestic,2013,April,-,203626,211310,0
HKT,Passenger,Domestic,2013,May,-,178236,192493,136
HKT,Passenger,Domestic,2013,June,-,177380,171640,0
HKT,Passenger,Domestic,2013,July,-,204363,198094,339
HKT,Passenger,Domestic,2013,August,-,226684,236743,0
HKT,Passenger,Domestic,2013,September,-,193264,190099,137
HKT,Passenger,Domestic,2013,October,-,217913,212737,156
HKT,Passenger,Domestic,2013,November,-,209902,204968,132
HKT,Passenger,Domestic,2013,December,-,223728,198387,166
HKT,Flight,International,2013,January,-,1784,1777,
HKT,Flight,International,2013,Febuary,-,1800,1781,
HKT,Flight,International,2013,March,-,1704,1691,
HKT,Flight,International,2013,April,-,1589,1593,
HKT,Flight,International,2013,May,-,1528,1532,
HKT,Flight,International,2013,June,-,1473,1470,
HKT,Flight,International,2013,July,-,1673,1676,
HKT,Flight,International,2013,August,-,1751,1754,
HKT,Flight,International,2013,September,-,1591,1582,
HKT,Flight,International,2013,October,-,1692,1698,
HKT,Flight,International,2013,November,-,1737,1715,
HKT,Flight,International,2013,December,-,1825,1803,
HKT,Flight,Domestic,2013,January,-,1323,1336,
HKT,Flight,Domestic,2013,Febuary,-,1239,1258,
HKT,Flight,Domestic,2013,March,-,1323,1333,
HKT,Flight,Domestic,2013,April,-,1288,1291,
HKT,Flight,Domestic,2013,May,-,1341,1339,
HKT,Flight,Domestic,2013,June,-,1336,1337,
HKT,Flight,Domestic,2013,July,-,1402,1400,
HKT,Flight,Domestic,2013,August,-,1406,1405,
HKT,Flight,Domestic,2013,September,-,1327,1332,
HKT,Flight,Domestic,2013,October,-,1358,1354,
HKT,Flight,Domestic,2013,November,-,1325,1344,
HKT,Flight,Domestic,2013,December,-,1480,1493,
HKT,Freight,International,2013,January,-,418,1214,0
HKT,Freight,International,2013,Febuary,-,443,1089,0
HKT,Freight,International,2013,March,-,580,913,0
HKT,Freight,International,2013,April,-,477,683,0
HKT,Freight,International,2013,May,-,440,881,0
HKT,Freight,International,2013,June,-,419,610,20
HKT,Freight,International,2013,July,-,378,553,37
HKT,Freight,International,2013,August,-,396,663,604
HKT,Freight,International,2013,September,-,533,746,51
HKT,Freight,International,2013,October,-,756,715,15
HKT,Freight,International,2013,November,-,1085,887,0
HKT,Freight,International,2013,December,-,813,967,0
HKT,Freight,Domestic,2013,January,-,995,794,0
HKT,Freight,Domestic,2013,Febuary,-,917,872,0
HKT,Freight,Domestic,2013,March,-,976,750,0
HKT,Freight,Domestic,2013,April,-,759,509,0
HKT,Freight,Domestic,2013,May,-,723,490,0
HKT,Freight,Domestic,2013,June,-,607,463,0
HKT,Freight,Domestic,2013,July,-,664,433,0
HKT,Freight,Domestic,2013,August,-,664,380,0
HKT,Freight,Domestic,2013,September,-,673,468,0
HKT,Freight,Domestic,2013,October,-,774,735,0
HKT,Freight,Domestic,2013,November,-,791,995,0
HKT,Freight,Domestic,2013,December,-,876,926,0
HKT,City,International,2013,-,Singapore,475890,482686,
HKT,City,International,2013,-,Kuala Lumpur,370447,368957,
HKT,City,International,2013,-,Seoul/Incheon,305308,310148,
HKT,City,International,2013,-,Hong Kong,293613,293436,
HKT,City,International,2013,-,Shanghai/Pudong,158231,162540,
HKT,City,International,2013,-,Chongqing,131919,131125,
HKT,City,International,2013,-,Chengdu,129559,128288,
HKT,City,International,2013,-,Domodedovo,94192,97912,
HKT,City,International,2013,-,Abu Dhabi,87442,92370,
HKT,City,International,2013,-,Dubai,83847,86456,
HKT,City,International,2013,-,Others,1057214,1026958,
HKT,City,Domestic,2013,-,Suvarnabhumi,1249816,1288005,
HKT,City,Domestic,2013,-,Don Mueang,896054,886729,
HKT,City,Domestic,2013,-,Chiang Mai,1689388,138930,
HKT,City,Domestic,2013,-,Samui,77645,83226,
HKT,City,Domestic,2013,-,Udon Thani,52644,51746,
HKT,City,Domestic,2013,-,U-Tapao,17191,16994,
HKT,City,Domestic,2013,-,Surat Thani,13668,15482,
HKT,City,Domestic,2013,-,Krabi,475,4,
HKT,City,Domestic,2013,-,Hat Yai,149,0,
HKT,City,Domestic,2013,-,Hua Hin,57,39,
HKT,City,Domestic,2013,-,Others,64,25,
HKT,Passenger,International,2014,January,-,349453,349520,294
HKT,Passenger,International,2014,Febuary,-,322496,345345,339
HKT,Passenger,International,2014,March,-,291004,326273,9
HKT,Passenger,International,2014,April,-,268015,284813,161
HKT,Passenger,International,2014,May,-,212183,230525,4
HKT,Passenger,International,2014,June,-,192151,194854,135
HKT,Passenger,International,2014,July,-,223302,218905,146
HKT,Passenger,International,2014,August,-,235789,250314,368
HKT,Passenger,International,2014,September,-,214207,202283,12
HKT,Passenger,International,2014,October,-,260499,242562,482
HKT,Passenger,International,2014,November,-,285696,279239,265
HKT,Passenger,International,2014,December,-,343245,299382,777
HKT,Passenger,Domestic,2014,January,-,232485,239179,61
HKT,Passenger,Domestic,2014,Febuary,-,212731,230114,0
HKT,Passenger,Domestic,2014,March,-,209350,224790,260
HKT,Passenger,Domestic,2014,April,-,221113,220577,287
HKT,Passenger,Domestic,2014,May,-,175589,191116,166
HKT,Passenger,Domestic,2014,June,-,152151,151021,0
HKT,Passenger,Domestic,2014,July,-,190985,177790,117
HKT,Passenger,Domestic,2014,August,-,219299,232182,87
HKT,Passenger,Domestic,2014,September,-,174060,168567,0
HKT,Passenger,Domestic,2014,October,-,223778,224239,506
HKT,Passenger,Domestic,2014,November,-,219355,213643,87
HKT,Passenger,Domestic,2014,December,-,251403,219251,112
HKT,Flight,International,2014,January,-,1984,1970,
HKT,Flight,International,2014,Febuary,-,1805,1802,
HKT,Flight,International,2014,March,-,1803,1819,
HKT,Flight,International,2014,April,-,1769,1772,
HKT,Flight,International,2014,May,-,1607,1611,
HKT,Flight,International,2014,June,-,1431,1455,
HKT,Flight,International,2014,July,-,1498,1526,
HKT,Flight,International,2014,August,-,1550,1576,
HKT,Flight,International,2014,September,-,1474,1465,
HKT,Flight,International,2014,October,-,1674,1677,
HKT,Flight,International,2014,November,-,1813,1813,
HKT,Flight,International,2014,December,-,2000,1984,
HKT,Flight,Domestic,2014,January,-,1504,1521,
HKT,Flight,Domestic,2014,Febuary,-,1366,1375,
HKT,Flight,Domestic,2014,March,-,1446,1433,
HKT,Flight,Domestic,2014,April,-,1463,1459,
HKT,Flight,Domestic,2014,May,-,1461,1450,
HKT,Flight,Domestic,2014,June,-,1347,1327,
HKT,Flight,Domestic,2014,July,-,1419,1388,
HKT,Flight,Domestic,2014,August,-,1479,1456,
HKT,Flight,Domestic,2014,September,-,1430,1436,
HKT,Flight,Domestic,2014,October,-,1538,1543,
HKT,Flight,Domestic,2014,November,-,1520,1519,
HKT,Flight,Domestic,2014,December,-,1602,1614,
HKT,Freight,International,2014,January,-,809,1547,0
HKT,Freight,International,2014,Febuary,-,640,1032,0
HKT,Freight,International,2014,March,-,1163,1270,0
HKT,Freight,International,2014,April,-,648,979,0
HKT,Freight,International,2014,May,-,639,1073,0
HKT,Freight,International,2014,June,-,760,957,0
HKT,Freight,International,2014,July,-,609,885,0
HKT,Freight,International,2014,August,-,569,887,0
HKT,Freight,International,2014,September,-,653,892,0
HKT,Freight,International,2014,October,-,725,976,0
HKT,Freight,International,2014,November,-,1106,1329,0
HKT,Freight,International,2014,December,-,830,1653,0
HKT,Freight,Domestic,2014,January,-,836,1062,0
HKT,Freight,Domestic,2014,Febuary,-,748,989,0
HKT,Freight,Domestic,2014,March,-,847,1605,1
HKT,Freight,Domestic,2014,April,-,811,575,0
HKT,Freight,Domestic,2014,May,-,723,576,0
HKT,Freight,Domestic,2014,June,-,655,617,0
HKT,Freight,Domestic,2014,July,-,752,464,0
HKT,Freight,Domestic,2014,August,-,505,362,0
HKT,Freight,Domestic,2014,September,-,629,540,0
HKT,Freight,Domestic,2014,October,-,732,518,0
HKT,Freight,Domestic,2014,November,-,817,734,0
HKT,Freight,Domestic,2014,December,-,847,708,0
HKT,City,International,2014,-,Singapore,466531,468606,
HKT,City,International,2014,-,Kuala Lumpur,350532,353262,
HKT,City,International,2014,-,Hong Kong,294026,293527,
HKT,City,International,2014,-,Seoul/Incheon,248342,253368,
HKT,City,International,2014,-,Shanghai/Pudong,215884,216189,
HKT,City,International,2014,-,Chengdu,134569,133922,
HKT,City,International,2014,-,Chongqing,113784,123153,
HKT,City,International,2014,-,Domodedovo,103809,103488,
HKT,City,International,2014,-,Dubai,97690,106194,
HKT,City,International,2014,-,Abu Dhabi,82603,88988,
HKT,City,International,2014,-,Others,1090270,1083318,
HKT,City,Domestic,2014,-,Suvarnabhumi,1156001,1208183,
HKT,City,Domestic,2014,-,Don Mueang,996052,987603,
HKT,City,Domestic,2014,-,Chiang Mai,177164,141564,
HKT,City,Domestic,2014,-,Samui,79277,83887,
HKT,City,Domestic,2014,-,Udon Thani,51804,51647,
HKT,City,Domestic,2014,-,U-Tapao,17458,17314,
HKT,City,Domestic,2014,-,Surat Thani,3900,2107,
HKT,City,Domestic,2014,-,Hat Yai,161,0,
HKT,City,Domestic,2014,-,Nakorn Si Thammarat,143,0,
HKT,City,Domestic,2014,-,Krabi,12,124,
HKT,City,Domestic,2014,-,Others,327,40,